{
    "value0": {
        "T_imu_cam": [
            {
                "px": -0.016774788924641534,
                "py": -0.068938940687127,
                "pz": 0.005139123188382424,
                "qx": 0.0,
                "qy": 0.0,
                "qz": 0.0,
                "qw": 1.0
            },
            {
              "px": -0.0267,
              "py": -0.068938940687127,
              "pz": 0.005139123188382424,
              "qx": 0.0,
              "qy": 0.0,
              "qz": 0.0,
              "qw": 1.0
            }
        ],
        "intrinsics": [
            {
                "camera_type": "kb4",
                "intrinsics": {
                    "fx": 3324.00,
                    "fy": 3324.00,
                    "cx": 640.00,
                    "cy": 360.00,
                    "k1": 0.0,
                    "k2": 0.0,
                    "k3": 0.0,
                    "k4": 0.0
                }
            },
            {
              "camera_type": "kb4",
              "intrinsics": {
                "fx": 3324.00,
                "fy": 3324.00,
                "cx": 640.00,
                "cy": 360.00,
                "k1": 0.0,
                "k2": 0.0,
                "k3": 0.0,
                "k4": 0.0
              }
            }
        ],
        "resolution": [
            [
                1280,
                720
            ],
            [
                1280,
                720
            ]
        ],
      "calib_accel_bias": [
        0.0,
        0.0,
        0.0,
        0.0,
        0.0,
        0.0,
        0.0,
        0.0,
        0.0
      ],
      "calib_gyro_bias": [
        0.0,
        0.0,
        0.0,
        0.0,
        0.0,
        0.0,
        0.0,
        0.0,
        0.0,
        0.0,
        0.0,
        0.0
      ],
      "imu_update_rate": 200.0,
      "accel_noise_std": [
        0.016,
        0.016,
        0.016
      ],
      "gyro_noise_std": [
        0.000282,
        0.000282,
        0.000282
      ],
      "accel_bias_std": [
        0.001,
        0.001,
        0.001
      ],
      "gyro_bias_std": [
        0.0001,
        0.0001,
        0.0001
      ],
      "cam_time_offset_ns": 0,
      "vignette": []
    }
}
